<application>
  <component name="FileTypeManager" version="17">
    <ignoreFiles list="*.hprof;*.pyc;*.pyo;*.rbc;*.yarb;*~;.DS_Store;.git;.hg;.svn;.umi;CVS;__pycache__;_svn;vssver.scc;vssver2.scc;" />
    <extensionMap>
      <mapping pattern=".wxss" type="CSS" />
      <mapping pattern=".env.pre" type="PLAIN_TEXT" />
      <mapping pattern=".browserslistrc " type="PLAIN_TEXT" />
      <mapping pattern=".env.debug" type="PLAIN_TEXT" />
      <mapping pattern=".env.development" type="PLAIN_TEXT" />
      <mapping pattern=".env.dev" type="PLAIN_TEXT" />
      <mapping pattern=".env.prod" type="PLAIN_TEXT" />
      <mapping pattern=".env.company" type="PLAIN_TEXT" />
      <mapping pattern=".env.check" type="PLAIN_TEXT" />
      <mapping pattern=".browserslistrc" type="PLAIN_TEXT" />
      <mapping ext="config" type="PLAIN_TEXT" />
      <mapping ext="report" type="PLAIN_TEXT" />
      <mapping ext="tet" type="PLAIN_TEXT" />
      <mapping ext="nvue" type="Vue.js" />
      <mapping pattern="_uplus.js" type="WXS" />
    </extensionMap>
  </component>
</application>