<application>
  <component name="ApplicationTasksOptions">
    <TaskOptions isEnabled="true">
      <option name="arguments" value="--no-cache --update $FileName$:$FileNameWithoutExtension$.css" />
      <option name="checkSyntaxErrors" value="true" />
      <option name="description" />
      <option name="exitCodeBehavior" value="ERROR" />
      <option name="fileExtension" value="scss" />
      <option name="immediateSync" value="true" />
      <option name="name" value="SCSS" />
      <option name="output" value="$FileNameWithoutExtension$.css:$FileNameWithoutExtension$.css.map" />
      <option name="outputFilters">
        <array />
      </option>
      <option name="outputFromStdout" value="false" />
      <option name="program" value="C:/Ruby25-x64/bin/scss.bat" />
      <option name="runOnExternalChanges" value="true" />
      <option name="scopeName" value="Project Files" />
      <option name="trackOnlyRoot" value="true" />
      <option name="workingDir" value="$FileDir$" />
      <envs />
    </TaskOptions>
    <TaskOptions isEnabled="false">
      <option name="arguments" value="$FilePathRelativeToProjectRoot$ --out-dir dist --source-maps --presets env" />
      <option name="checkSyntaxErrors" value="true" />
      <option name="description" />
      <option name="exitCodeBehavior" value="ERROR" />
      <option name="fileExtension" value="es6" />
      <option name="immediateSync" value="true" />
      <option name="name" value="Babel" />
      <option name="output" value="js\$FileDirRelativeToProjectRoot$\$FileNameWithoutExtension$.js.map" />
      <option name="outputFilters">
        <array />
      </option>
      <option name="outputFromStdout" value="false" />
      <option name="program" value="$USER_HOME$/AppData/Roaming/npm/babel.cmd" />
      <option name="runOnExternalChanges" value="true" />
      <option name="scopeName" value="Current File" />
      <option name="trackOnlyRoot" value="false" />
      <option name="workingDir" value="$ContentRoot$" />
      <envs />
    </TaskOptions>
  </component>
</application>