<keymap version="1" name="Default copy" parent="$default">
  <action id="CheckinFiles">
    <keyboard-shortcut first-keystroke="ctrl alt c" />
  </action>
  <action id="EditorDecreaseFontSize">
    <keyboard-shortcut first-keystroke="ctrl down" />
  </action>
  <action id="EditorIncreaseFontSize">
    <keyboard-shortcut first-keystroke="ctrl up" />
  </action>
  <action id="EditorLookupDown" />
  <action id="EditorLookupUp" />
  <action id="EditorScrollDown" />
  <action id="EditorScrollUp" />
  <action id="Git.Pull">
    <keyboard-shortcut first-keystroke="ctrl alt p" />
  </action>
  <action id="Git.ResolveConflicts">
    <keyboard-shortcut first-keystroke="ctrl alt r" />
  </action>
  <action id="GotoSuperMethod" />
  <action id="IntroduceConstant" />
  <action id="IntroduceParameter" />
  <action id="OnlineSearch.EditorPopupMenu.LaunchSearchSubmenu">
    <keyboard-shortcut first-keystroke="ctrl s" />
  </action>
  <action id="OptimizeImports" />
  <action id="SaveAll" />
  <action id="ShowSettings" />
  <action id="SwitchApply">
    <keyboard-shortcut first-keystroke="shift alt enter" />
  </action>
  <action id="SwitchDown">
    <keyboard-shortcut first-keystroke="shift alt down" />
  </action>
  <action id="SwitchLeft">
    <keyboard-shortcut first-keystroke="shift alt left" />
  </action>
  <action id="SwitchRight">
    <keyboard-shortcut first-keystroke="shift alt right" />
  </action>
  <action id="SwitchUp">
    <keyboard-shortcut first-keystroke="shift alt up" />
  </action>
  <action id="Tool_External Tools_android真机同步">
    <keyboard-shortcut first-keystroke="ctrl u" />
  </action>
  <action id="Vcs.Push">
    <keyboard-shortcut first-keystroke="shift ctrl k" />
    <keyboard-shortcut first-keystroke="ctrl alt s" />
  </action>
</keymap>